serviceName,startTime,avg_time,num,succee_num,succee_rate
osb_001,1590768000000,0.6214,361,361,1.0
osb_001,1590768060000,0.5861,343,343,1.0
osb_001,1590768120000,5.0125,126,122,0.9683
osb_001,1590768180000,9.3487,70,70,1.0
osb_001,1590768240000,1.4756,375,375,1.0
osb_001,1590768300000,0.7127,399,399,1.0
osb_001,1590768360000,0.5825,451,451,1.0
osb_001,1590768420000,0.5742,374,374,1.0
osb_001,1590768480000,0.6431,421,421,1.0
osb_001,1590768540000,0.604,405,405,1.0
osb_001,1590768600000,0.6037,402,402,1.0
osb_001,1590768660000,0.7301,411,411,1.0
osb_001,1590768720000,0.5904,438,438,1.0
osb_001,1590768780000,0.5751,403,403,1.0
osb_001,1590768840000,0.6946,424,424,1.0
osb_001,1590768900000,0.6724,481,481,1.0
osb_001,1590768960000,0.544,382,382,1.0
osb_001,1590769020000,0.6821,418,418,1.0
osb_001,1590769080000,0.5724,466,466,1.0