callType,startTime,msgTime,elapsedTime,success,traceId,id,pid,cmdb_id,dsName
JDBC,1590768000183,1590768000189,6.0,True,37bd717261295c467616,b212a17261295cb74404,f65a417261295cb64401,docker_007,db_003
JDBC,1590768000188,1590768000193,5.0,True,2ebb417261295c4b7578,c321d17261295cbc3597,1fe7c17261295cbc3594,docker_008,db_003
JDBC,1590768000192,1590768000252,60.0,True,37bd717261295c467616,9b86517261295cc04407,f65a417261295cb64401,docker_007,db_003
JDBC,1590768000197,1590768000252,55.0,True,2ebb417261295c4b7578,9211617261295cc53604,1fe7c17261295cbc3594,docker_008,db_003
JDBC,1590768000215,1590768000226,11.0,True,ecda617261295c4c8924,1c19f17261295cd73614,f83ad17261295cd73611,docker_008,db_003
JDBC,1590768000217,1590768000228,11.0,True,1b6e017261295c4a7494,1605317261295cd94421,5906a17261295cd94418,docker_007,db_003
JDBC,1590768000228,1590768000252,24.0,True,ecda617261295c4c8924,186c317261295ce43617,f83ad17261295cd73611,docker_008,db_003
JDBC,1590768000230,1590768000252,22.0,True,1b6e017261295c4a7494,6a92017261295ce64424,5906a17261295cd94418,docker_007,db_003
JDBC,1590768000281,1590768000289,8.0,True,37bd717261295c467616,a472c17261295d193626,ce7b117261295d193623,docker_008,db_003
JDBC,1590768000284,1590768000292,8.0,True,1b6e017261295c4a7494,3b0ae17261295d1c4439,5401917261295d1c4436,docker_007,db_003
JDBC,1590768000287,1590768000296,9.0,True,ecda617261295c4c8924,58e7117261295d1f4453,61b7217261295d1f4450,docker_007,db_003
JDBC,1590768000287,1590768000293,6.0,True,2ebb417261295c4b7578,fcf4917261295d1f4448,7690817261295d1e4445,docker_007,db_003
JDBC,1590768000291,1590768000384,93.0,True,37bd717261295c467616,54aa417261295d233629,ce7b117261295d193623,docker_008,db_003
JDBC,1590768000295,1590768000384,89.0,True,1b6e017261295c4a7494,3ca9317261295d274456,5401917261295d1c4436,docker_007,db_003
JDBC,1590768000296,1590768000384,88.0,True,2ebb417261295c4b7578,65a4817261295d284459,7690817261295d1e4445,docker_007,db_003
JDBC,1590768000297,1590768000384,87.0,True,ecda617261295c4c8924,66eb917261295d294462,61b7217261295d1f4450,docker_007,db_003