callType,startTime,msgTime,elapsedTime,success,traceId,id,pid,cmdb_id,serviceName,dsName
LOCAL,1590768000182,1590768000253,71.0,True,37bd717261295c467616,f65a417261295cb64401,7bf1417261295c9b4394,docker_007,local_method_011,db_003
LOCAL,1590768000188,1590768000253,65.0,True,2ebb417261295c4b7578,1fe7c17261295cbc3594,76a0e17261295c9d3587,docker_008,local_method_011,db_003
LOCAL,1590768000215,1590768000253,38.0,True,ecda617261295c4c8924,f83ad17261295cd73611,4734c17261295cc23601,docker_008,local_method_011,db_003
LOCAL,1590768000217,1590768000252,35.0,True,1b6e017261295c4a7494,5906a17261295cd94418,b5f2917261295cc34411,docker_007,local_method_011,db_003
LOCAL,1590768000281,1590768000385,104.0,True,37bd717261295c467616,ce7b117261295d193623,5a67717261295d123619,docker_008,local_method_013,db_003
LOCAL,1590768000284,1590768000385,101.0,True,1b6e017261295c4a7494,5401917261295d1c4436,46b7217261295d0f4426,docker_007,local_method_013,db_003
LOCAL,1590768000286,1590768000385,99.0,True,2ebb417261295c4b7578,7690817261295d1e4445,5626017261295d124432,docker_007,local_method_013,db_003
LOCAL,1590768000287,1590768000384,97.0,True,ecda617261295c4c8924,61b7217261295d1f4450,dd7ed17261295d114430,docker_007,local_method_013,db_003
LOCAL,1590768000386,1590768000419,33.0,True,37bd717261295c467616,e0dfa17261295d823631,5a67717261295d123619,docker_008,local_method_014,db_003
LOCAL,1590768000389,1590768000420,31.0,True,ecda617261295c4c8924,3e98417261295d854464,dd7ed17261295d114430,docker_007,local_method_014,db_003
LOCAL,1590768000389,1590768000420,30.0,True,2ebb417261295c4b7578,5007e17261295d854466,5626017261295d124432,docker_007,local_method_014,db_003
LOCAL,1590768000392,1590768000420,28.0,True,1b6e017261295c4a7494,8998417261295d884468,46b7217261295d0f4426,docker_007,local_method_014,db_003